Vehicle Model,value_score,mean_vehicle_age_years,n_cost,n_batt,n_age
Hyundai Kona,1.0,3.4004278178937017,,,1.0
Nissan Leaf,0.49782781143870936,3.5943262494309516,,,0.49782781143870936
Chevy Bolt,0.4189222006455253,3.6247932376887446,,,0.4189222006455253
Tesla Model 3,0.3255402974903553,3.660849803480701,,,0.3255402974903553
BMW i3,0.0,3.786547232616296,,,0.0
